"localID","Name","Notes","packageID","objPackID"
"1437","ycbaDeletedObj","YCBA objects deleted from COBOAT export","4919","4919"
"1525","ycbaDeletedObj","YCBA objects deleted from COBOAT export","4919","4919"
"2646","ycbaDeletedObj","YCBA objects deleted from COBOAT export","4919","4919"
"4352","ycbaDeletedObj","YCBA objects deleted from COBOAT export","4919","4919"
"4884","ycbaDeletedObj","YCBA objects deleted from COBOAT export","4919","4919"
"5138","ycbaDeletedObj","YCBA objects deleted from COBOAT export","4919","4919"
"6318","ycbaDeletedObj","YCBA objects deleted from COBOAT export","4919","4919"
"15480","ycbaDeletedObj","YCBA objects deleted from COBOAT export","4919","4919"
"15482","ycbaDeletedObj","YCBA objects deleted from COBOAT export","4919","4919"
"15483","ycbaDeletedObj","YCBA objects deleted from COBOAT export","4919","4919"
"19205","ycbaDeletedObj","YCBA objects deleted from COBOAT export","4919","4919"
"24498","ycbaDeletedObj","YCBA objects deleted from COBOAT export","4919","4919"
"25461","ycbaDeletedObj","YCBA objects deleted from COBOAT export","4919","4919"
"25462","ycbaDeletedObj","YCBA objects deleted from COBOAT export","4919","4919"
"25463","ycbaDeletedObj","YCBA objects deleted from COBOAT export","4919","4919"
"37491","ycbaDeletedObj","YCBA objects deleted from COBOAT export","4919","4919"
"38285","ycbaDeletedObj","YCBA objects deleted from COBOAT export","4919","4919"
"38549","ycbaDeletedObj","YCBA objects deleted from COBOAT export","4919","4919"
"41109","ycbaDeletedObj","YCBA objects deleted from COBOAT export","4919","4919"
"45188","ycbaDeletedObj","YCBA objects deleted from COBOAT export","4919","4919"
"45193","ycbaDeletedObj","YCBA objects deleted from COBOAT export","4919","4919"
"45199","ycbaDeletedObj","YCBA objects deleted from COBOAT export","4919","4919"
"45200","ycbaDeletedObj","YCBA objects deleted from COBOAT export","4919","4919"
"49004","ycbaDeletedObj","YCBA objects deleted from COBOAT export","4919","4919"
"49090","ycbaDeletedObj","YCBA objects deleted from COBOAT export","4919","4919"
"49477","ycbaDeletedObj","YCBA objects deleted from COBOAT export","4919","4919"
"49496","ycbaDeletedObj","YCBA objects deleted from COBOAT export","4919","4919"
"49500","ycbaDeletedObj","YCBA objects deleted from COBOAT export","4919","4919"
"49691","ycbaDeletedObj","YCBA objects deleted from COBOAT export","4919","4919"
"49692","ycbaDeletedObj","YCBA objects deleted from COBOAT export","4919","4919"
"49693","ycbaDeletedObj","YCBA objects deleted from COBOAT export","4919","4919"
"49694","ycbaDeletedObj","YCBA objects deleted from COBOAT export","4919","4919"
"49698","ycbaDeletedObj","YCBA objects deleted from COBOAT export","4919","4919"
"49699","ycbaDeletedObj","YCBA objects deleted from COBOAT export","4919","4919"
"49700","ycbaDeletedObj","YCBA objects deleted from COBOAT export","4919","4919"
"49702","ycbaDeletedObj","YCBA objects deleted from COBOAT export","4919","4919"
"49703","ycbaDeletedObj","YCBA objects deleted from COBOAT export","4919","4919"
"49704","ycbaDeletedObj","YCBA objects deleted from COBOAT export","4919","4919"
"49706","ycbaDeletedObj","YCBA objects deleted from COBOAT export","4919","4919"
"49738","ycbaDeletedObj","YCBA objects deleted from COBOAT export","4919","4919"
"49740","ycbaDeletedObj","YCBA objects deleted from COBOAT export","4919","4919"
"51929","ycbaDeletedObj","YCBA objects deleted from COBOAT export","4919","4919"
"52254","ycbaDeletedObj","YCBA objects deleted from COBOAT export","4919","4919"
"54654","ycbaDeletedObj","YCBA objects deleted from COBOAT export","4919","4919"
"54903","ycbaDeletedObj","YCBA objects deleted from COBOAT export","4919","4919"
"54912","ycbaDeletedObj","YCBA objects deleted from COBOAT export","4919","4919"
"54913","ycbaDeletedObj","YCBA objects deleted from COBOAT export","4919","4919"
"54914","ycbaDeletedObj","YCBA objects deleted from COBOAT export","4919","4919"
"54915","ycbaDeletedObj","YCBA objects deleted from COBOAT export","4919","4919"
"54920","ycbaDeletedObj","YCBA objects deleted from COBOAT export","4919","4919"
"54949","ycbaDeletedObj","YCBA objects deleted from COBOAT export","4919","4919"
"55085","ycbaDeletedObj","YCBA objects deleted from COBOAT export","4919","4919"
"55086","ycbaDeletedObj","YCBA objects deleted from COBOAT export","4919","4919"
"55087","ycbaDeletedObj","YCBA objects deleted from COBOAT export","4919","4919"
"55090","ycbaDeletedObj","YCBA objects deleted from COBOAT export","4919","4919"
"55091","ycbaDeletedObj","YCBA objects deleted from COBOAT export","4919","4919"
"55092","ycbaDeletedObj","YCBA objects deleted from COBOAT export","4919","4919"
"55093","ycbaDeletedObj","YCBA objects deleted from COBOAT export","4919","4919"
"55094","ycbaDeletedObj","YCBA objects deleted from COBOAT export","4919","4919"
"55109","ycbaDeletedObj","YCBA objects deleted from COBOAT export","4919","4919"
"55154","ycbaDeletedObj","YCBA objects deleted from COBOAT export","4919","4919"
"55159","ycbaDeletedObj","YCBA objects deleted from COBOAT export","4919","4919"
"55160","ycbaDeletedObj","YCBA objects deleted from COBOAT export","4919","4919"
"55183","ycbaDeletedObj","YCBA objects deleted from COBOAT export","4919","4919"
"55199","ycbaDeletedObj","YCBA objects deleted from COBOAT export","4919","4919"
"55200","ycbaDeletedObj","YCBA objects deleted from COBOAT export","4919","4919"
"55212","ycbaDeletedObj","YCBA objects deleted from COBOAT export","4919","4919"
"55215","ycbaDeletedObj","YCBA objects deleted from COBOAT export","4919","4919"
"55220","ycbaDeletedObj","YCBA objects deleted from COBOAT export","4919","4919"
"55221","ycbaDeletedObj","YCBA objects deleted from COBOAT export","4919","4919"
"55223","ycbaDeletedObj","YCBA objects deleted from COBOAT export","4919","4919"
"55224","ycbaDeletedObj","YCBA objects deleted from COBOAT export","4919","4919"
"55225","ycbaDeletedObj","YCBA objects deleted from COBOAT export","4919","4919"
"55230","ycbaDeletedObj","YCBA objects deleted from COBOAT export","4919","4919"
"55233","ycbaDeletedObj","YCBA objects deleted from COBOAT export","4919","4919"
"55314","ycbaDeletedObj","YCBA objects deleted from COBOAT export","4919","4919"
"55315","ycbaDeletedObj","YCBA objects deleted from COBOAT export","4919","4919"
"55316","ycbaDeletedObj","YCBA objects deleted from COBOAT export","4919","4919"
"55317","ycbaDeletedObj","YCBA objects deleted from COBOAT export","4919","4919"
"55318","ycbaDeletedObj","YCBA objects deleted from COBOAT export","4919","4919"
"55799","ycbaDeletedObj","YCBA objects deleted from COBOAT export","4919","4919"
"55800","ycbaDeletedObj","YCBA objects deleted from COBOAT export","4919","4919"
"57622","ycbaDeletedObj","YCBA objects deleted from COBOAT export","4919","4919"
"57623","ycbaDeletedObj","YCBA objects deleted from COBOAT export","4919","4919"
"57624","ycbaDeletedObj","YCBA objects deleted from COBOAT export","4919","4919"
"57625","ycbaDeletedObj","YCBA objects deleted from COBOAT export","4919","4919"
"57626","ycbaDeletedObj","YCBA objects deleted from COBOAT export","4919","4919"
"57627","ycbaDeletedObj","YCBA objects deleted from COBOAT export","4919","4919"
"57628","ycbaDeletedObj","YCBA objects deleted from COBOAT export","4919","4919"
"57629","ycbaDeletedObj","YCBA objects deleted from COBOAT export","4919","4919"
"57630","ycbaDeletedObj","YCBA objects deleted from COBOAT export","4919","4919"
"57631","ycbaDeletedObj","YCBA objects deleted from COBOAT export","4919","4919"
"57632","ycbaDeletedObj","YCBA objects deleted from COBOAT export","4919","4919"
"57633","ycbaDeletedObj","YCBA objects deleted from COBOAT export","4919","4919"
"57634","ycbaDeletedObj","YCBA objects deleted from COBOAT export","4919","4919"
"57635","ycbaDeletedObj","YCBA objects deleted from COBOAT export","4919","4919"
"57636","ycbaDeletedObj","YCBA objects deleted from COBOAT export","4919","4919"
"57637","ycbaDeletedObj","YCBA objects deleted from COBOAT export","4919","4919"
"57638","ycbaDeletedObj","YCBA objects deleted from COBOAT export","4919","4919"
"57639","ycbaDeletedObj","YCBA objects deleted from COBOAT export","4919","4919"
"57640","ycbaDeletedObj","YCBA objects deleted from COBOAT export","4919","4919"
"57641","ycbaDeletedObj","YCBA objects deleted from COBOAT export","4919","4919"
"57642","ycbaDeletedObj","YCBA objects deleted from COBOAT export","4919","4919"
"57643","ycbaDeletedObj","YCBA objects deleted from COBOAT export","4919","4919"
"57644","ycbaDeletedObj","YCBA objects deleted from COBOAT export","4919","4919"
"57645","ycbaDeletedObj","YCBA objects deleted from COBOAT export","4919","4919"
"57646","ycbaDeletedObj","YCBA objects deleted from COBOAT export","4919","4919"
"57647","ycbaDeletedObj","YCBA objects deleted from COBOAT export","4919","4919"
"57648","ycbaDeletedObj","YCBA objects deleted from COBOAT export","4919","4919"
"57649","ycbaDeletedObj","YCBA objects deleted from COBOAT export","4919","4919"
"57650","ycbaDeletedObj","YCBA objects deleted from COBOAT export","4919","4919"
"57651","ycbaDeletedObj","YCBA objects deleted from COBOAT export","4919","4919"
"57652","ycbaDeletedObj","YCBA objects deleted from COBOAT export","4919","4919"
"57653","ycbaDeletedObj","YCBA objects deleted from COBOAT export","4919","4919"
"57654","ycbaDeletedObj","YCBA objects deleted from COBOAT export","4919","4919"
"57655","ycbaDeletedObj","YCBA objects deleted from COBOAT export","4919","4919"
"57656","ycbaDeletedObj","YCBA objects deleted from COBOAT export","4919","4919"
"57657","ycbaDeletedObj","YCBA objects deleted from COBOAT export","4919","4919"
"57658","ycbaDeletedObj","YCBA objects deleted from COBOAT export","4919","4919"
"57659","ycbaDeletedObj","YCBA objects deleted from COBOAT export","4919","4919"
"57660","ycbaDeletedObj","YCBA objects deleted from COBOAT export","4919","4919"
"57661","ycbaDeletedObj","YCBA objects deleted from COBOAT export","4919","4919"
"57662","ycbaDeletedObj","YCBA objects deleted from COBOAT export","4919","4919"
"57663","ycbaDeletedObj","YCBA objects deleted from COBOAT export","4919","4919"
"57664","ycbaDeletedObj","YCBA objects deleted from COBOAT export","4919","4919"
"57665","ycbaDeletedObj","YCBA objects deleted from COBOAT export","4919","4919"
"57666","ycbaDeletedObj","YCBA objects deleted from COBOAT export","4919","4919"
"57667","ycbaDeletedObj","YCBA objects deleted from COBOAT export","4919","4919"
"57668","ycbaDeletedObj","YCBA objects deleted from COBOAT export","4919","4919"
"57669","ycbaDeletedObj","YCBA objects deleted from COBOAT export","4919","4919"
"57670","ycbaDeletedObj","YCBA objects deleted from COBOAT export","4919","4919"
"57671","ycbaDeletedObj","YCBA objects deleted from COBOAT export","4919","4919"
"57672","ycbaDeletedObj","YCBA objects deleted from COBOAT export","4919","4919"
"57673","ycbaDeletedObj","YCBA objects deleted from COBOAT export","4919","4919"
"57674","ycbaDeletedObj","YCBA objects deleted from COBOAT export","4919","4919"
"57675","ycbaDeletedObj","YCBA objects deleted from COBOAT export","4919","4919"
"57676","ycbaDeletedObj","YCBA objects deleted from COBOAT export","4919","4919"
"57677","ycbaDeletedObj","YCBA objects deleted from COBOAT export","4919","4919"
"57678","ycbaDeletedObj","YCBA objects deleted from COBOAT export","4919","4919"
"57679","ycbaDeletedObj","YCBA objects deleted from COBOAT export","4919","4919"
"57680","ycbaDeletedObj","YCBA objects deleted from COBOAT export","4919","4919"
"57681","ycbaDeletedObj","YCBA objects deleted from COBOAT export","4919","4919"
"57682","ycbaDeletedObj","YCBA objects deleted from COBOAT export","4919","4919"
"57683","ycbaDeletedObj","YCBA objects deleted from COBOAT export","4919","4919"
"57684","ycbaDeletedObj","YCBA objects deleted from COBOAT export","4919","4919"
"57685","ycbaDeletedObj","YCBA objects deleted from COBOAT export","4919","4919"
"57686","ycbaDeletedObj","YCBA objects deleted from COBOAT export","4919","4919"
"57687","ycbaDeletedObj","YCBA objects deleted from COBOAT export","4919","4919"
"57688","ycbaDeletedObj","YCBA objects deleted from COBOAT export","4919","4919"
"57689","ycbaDeletedObj","YCBA objects deleted from COBOAT export","4919","4919"
"57690","ycbaDeletedObj","YCBA objects deleted from COBOAT export","4919","4919"
"57691","ycbaDeletedObj","YCBA objects deleted from COBOAT export","4919","4919"
"57692","ycbaDeletedObj","YCBA objects deleted from COBOAT export","4919","4919"
"57693","ycbaDeletedObj","YCBA objects deleted from COBOAT export","4919","4919"
"57694","ycbaDeletedObj","YCBA objects deleted from COBOAT export","4919","4919"
"57695","ycbaDeletedObj","YCBA objects deleted from COBOAT export","4919","4919"
"57696","ycbaDeletedObj","YCBA objects deleted from COBOAT export","4919","4919"
"57697","ycbaDeletedObj","YCBA objects deleted from COBOAT export","4919","4919"
"57698","ycbaDeletedObj","YCBA objects deleted from COBOAT export","4919","4919"
"57699","ycbaDeletedObj","YCBA objects deleted from COBOAT export","4919","4919"
"57700","ycbaDeletedObj","YCBA objects deleted from COBOAT export","4919","4919"
"57701","ycbaDeletedObj","YCBA objects deleted from COBOAT export","4919","4919"
"57702","ycbaDeletedObj","YCBA objects deleted from COBOAT export","4919","4919"
"57703","ycbaDeletedObj","YCBA objects deleted from COBOAT export","4919","4919"
"57704","ycbaDeletedObj","YCBA objects deleted from COBOAT export","4919","4919"
"57705","ycbaDeletedObj","YCBA objects deleted from COBOAT export","4919","4919"
"57706","ycbaDeletedObj","YCBA objects deleted from COBOAT export","4919","4919"
"57707","ycbaDeletedObj","YCBA objects deleted from COBOAT export","4919","4919"
"57708","ycbaDeletedObj","YCBA objects deleted from COBOAT export","4919","4919"
"57709","ycbaDeletedObj","YCBA objects deleted from COBOAT export","4919","4919"
"57710","ycbaDeletedObj","YCBA objects deleted from COBOAT export","4919","4919"
"57711","ycbaDeletedObj","YCBA objects deleted from COBOAT export","4919","4919"
"57712","ycbaDeletedObj","YCBA objects deleted from COBOAT export","4919","4919"
"57713","ycbaDeletedObj","YCBA objects deleted from COBOAT export","4919","4919"
"57714","ycbaDeletedObj","YCBA objects deleted from COBOAT export","4919","4919"
"57715","ycbaDeletedObj","YCBA objects deleted from COBOAT export","4919","4919"
"57716","ycbaDeletedObj","YCBA objects deleted from COBOAT export","4919","4919"
"57717","ycbaDeletedObj","YCBA objects deleted from COBOAT export","4919","4919"
"57718","ycbaDeletedObj","YCBA objects deleted from COBOAT export","4919","4919"
"57719","ycbaDeletedObj","YCBA objects deleted from COBOAT export","4919","4919"
"57720","ycbaDeletedObj","YCBA objects deleted from COBOAT export","4919","4919"
"57745","ycbaDeletedObj","YCBA objects deleted from COBOAT export","4919","4919"
"58425","ycbaDeletedObj","YCBA objects deleted from COBOAT export","4919","4919"
"58441","ycbaDeletedObj","YCBA objects deleted from COBOAT export","4919","4919"
"58474","ycbaDeletedObj","YCBA objects deleted from COBOAT export","4919","4919"
"58475","ycbaDeletedObj","YCBA objects deleted from COBOAT export","4919","4919"
"59577","ycbaDeletedObj","YCBA objects deleted from COBOAT export","4919","4919"
"59649","ycbaDeletedObj","YCBA objects deleted from COBOAT export","4919","4919"
"59650","ycbaDeletedObj","YCBA objects deleted from COBOAT export","4919","4919"
"59651","ycbaDeletedObj","YCBA objects deleted from COBOAT export","4919","4919"
"59652","ycbaDeletedObj","YCBA objects deleted from COBOAT export","4919","4919"
"60075","ycbaDeletedObj","YCBA objects deleted from COBOAT export","4919","4919"
"63742","ycbaDeletedObj","YCBA objects deleted from COBOAT export","4919","4919"
"63745","ycbaDeletedObj","YCBA objects deleted from COBOAT export","4919","4919"
"64922","ycbaDeletedObj","YCBA objects deleted from COBOAT export","4919","4919"
